touch_id,org_id,campaign,channel,timestamp,clicked,converted
mkt_7322hr5s,org_zbikcidk,security_week,ads,2025-08-26,False,False
mkt_osc0whs1,org_5iqvnb4g,webinar_finops,email,2025-07-23,False,False
mkt_4eci9rtj,org_okep7y6w,security_week,email,2025-06-21,False,True
mkt_6u5a2x54,org_ohp6vz41,security_week,in_app,2025-08-09,True,False
mkt_u44qunf5,org_c11ertj5,upgrade_enterprise,email,2025-07-28,True,False
mkt_7vh2d3ls,org_4zw9xa3k,genai_launch,email,2025-06-18,False,False
mkt_11q01yhy,org_9t84azyt,upgrade_pro,ads,2025-06-24,True,True
mkt_a0eiva8t,org_he7ur23g,welcome,event,2025-05-28,False,False
mkt_49lxle0b,org_pbhsahxt,security_week,ads,2025-08-15,True,True
mkt_ct324zbl,org_ykl1cq99,genai_launch,email,2025-06-15,False,False
mkt_5kzhcmz2,org_pnsm43d8,upgrade_pro,email,2025-05-14,False,False
mkt_rno6cysv,org_0lzjjege,welcome,ads,2025-05-14,False,False
mkt_uhiwzwt9,org_dzr1yxr2,upgrade_enterprise,event,2025-05-11,True,False
mkt_94pn8qix,org_x7eedtjv,upgrade_pro,email,2025-07-23,False,False
mkt_43irgm5d,org_5lxo6qji,security_week,in_app,2025-07-30,False,False
mkt_koybesir,org_trp0j43d,genai_launch,email,2025-05-22,False,False
mkt_q4tp1na6,org_rixa11dp,welcome,in_app,2025-05-26,False,False
mkt_ksnjczob,org_ujv6oh9s,upgrade_pro,event,2025-08-04,False,False
mkt_d9q8wht3,org_t1ghr09s,upgrade_pro,email,2025-07-11,False,False
mkt_7oj98byt,org_253j2d54,genai_launch,event,2025-06-19,True,False
