org_id,survey_date,nps_score,comment
org_xaji0y6d,2025-08-22,11.0,Complex billing
org_hv3a3zmf,2025-06-13,6.0,Complex billing
org_hv3a3zmf,2025-06-18,15.0,Love genAI features
org_8mdd4v30,2025-05-24,19.0,Missing features
org_8mdd4v30,2025-08-26,47.0,Love genAI features
org_t9nt3w5u,2025-08-16,,Missing features
org_zbikcidk,2025-06-11,,Complex billing
org_41ibljh7,2025-08-11,,Missing features
org_5lxo6qji,2025-06-07,,
org_ujv6oh9s,2025-06-01,9.0,Stable but slow
org_ujv6oh9s,2025-07-27,38.0,Love genAI features
org_dbdw2pcn,2025-07-16,23.0,Missing features
org_9t84azyt,2025-06-09,50.0,Love genAI features
org_9t84azyt,2025-08-14,0.0,Stable but slow
org_jxepq85j,2025-06-25,21.0,Great support
org_53lc58dr,2025-07-01,,Great support
org_53lc58dr,2025-07-04,12.0,Love genAI features
org_c11ertj5,2025-06-11,,Missing features
org_pseimvih,2025-07-05,20.0,Too expensive
org_pseimvih,2025-08-02,68.0,
