ticket_id,org_id,category,severity,created_at,resolved_at,csat,sla_breached
tkt_zjrumxqw,org_x7eedtjv,performance,low,2025-07-02,2025-07-08,4.0,False
tkt_3b4nthzm,org_gv0e38da,security,low,2025-07-21,2025-07-22,,False
tkt_32hzs32d,org_9mx2x18h,availability,low,2025-07-03,2025-07-05,3.0,False
tkt_1jqbexgf,org_1swjckjl,usability,critical,2025-07-18,2025-07-22,4.0,False
tkt_vnnvbzw5,org_trp0j43d,integration,low,2025-07-26,2025-07-31,3.0,False
tkt_apmxd6lq,org_h2m5zja8,security,medium,2025-06-14,2025-06-26,5.0,False
tkt_ga3qupo4,org_jxepq85j,availability,low,2025-06-22,2025-07-07,4.0,False
tkt_jnmyk851,org_i3qk2iag,availability,medium,2025-05-11,2025-05-14,,False
tkt_6sp18obs,org_c11ertj5,security,low,2025-08-30,,3.0,False
tkt_7587h91e,org_t9nt3w5u,performance,low,2025-07-02,,4.0,False
tkt_l88l12qf,org_nam148p0,availability,low,2025-07-22,2025-07-24,,False
tkt_af5kcihd,org_8mdd4v30,security,medium,2025-05-20,2025-06-03,,False
tkt_iy4nrmqy,org_teiyzcot,billing,high,2025-08-27,2025-08-27,,False
tkt_z6y3z1de,org_3t60rjiw,usability,low,2025-06-11,2025-06-12,5.0,True
tkt_1e1630po,org_5lxo6qji,usability,low,2025-06-11,2025-06-11,,False
tkt_cr0vhv1n,org_w3zp08j3,performance,medium,2025-07-25,,4.0,False
tkt_m3v16xeg,org_5iqvnb4g,billing,low,2025-07-24,,,False
tkt_hpmxpkn3,org_53lc58dr,security,medium,2025-06-20,2025-06-20,3.0,False
tkt_b8pfy4qc,org_x7eedtjv,performance,low,2025-06-17,2025-06-17,2.0,False
tkt_yd52alun,org_ykl1cq99,integration,low,2025-06-07,,3.0,True
