user_id,org_id,email,role,active,created_at,last_login
user_9tze5r5u,org_3t60rjiw,user_9tze5r5u@example.com,devops,True,2025-07-10,
user_qpgb7r3o,org_afeyuhz1,user_qpgb7r3o@example.com,developer,True,2025-07-15,2025-08-10
user_cwbfuk9e,org_ykl1cq99,user_cwbfuk9e@example.com,developer,True,2025-06-12,2025-07-26
user_1v2isqp4,org_g8sbi4q2,user_1v2isqp4@example.com,developer,False,2025-05-12,
user_9kwv08hh,org_pht0hl9x,user_9kwv08hh@example.com,ml_engineer,True,2025-08-01,2025-08-11
user_xfgcaqvk,org_pbhsahxt,user_xfgcaqvk@example.com,data_engineer,False,2025-07-26,2025-06-20
user_izzqy72w,org_41ibljh7,user_izzqy72w@example.com,data_engineer,True,2025-08-06,
user_x7ptx63c,org_5iqvnb4g,user_x7ptx63c@example.com,ml_engineer,True,2025-06-20,2025-06-03
user_fl0ukeyz,org_jxepq85j,user_fl0ukeyz@example.com,analyst,True,2025-06-13,2025-06-06
user_7srcbplj,org_8mdd4v30,user_7srcbplj@example.com,devops,True,2025-07-12,2025-07-28
user_d84u89yj,org_253j2d54,user_d84u89yj@example.com,ml_engineer,True,2025-06-28,2025-07-24
user_b1qx6gvw,org_n9j2qp89,user_b1qx6gvw@example.com,developer,True,2025-07-02,2025-07-19
user_rdmly4ly,org_pnsm43d8,user_rdmly4ly@example.com,ml_engineer,True,2025-06-13,2025-08-06
user_k83tqll8,org_pbhsahxt,user_k83tqll8@example.com,devops,True,2025-05-12,2025-07-19
user_os9xtogn,org_cwi64ciy,user_os9xtogn@example.com,analyst,True,2025-08-03,2025-08-01
user_1w1ht7pz,org_rixa11dp,user_1w1ht7pz@example.com,data_engineer,True,2025-08-05,2025-08-02
user_e9vifttd,org_zhwjr64d,user_e9vifttd@example.com,data_engineer,True,2025-07-27,2025-08-15
user_96qe3rzs,org_trp0j43d,user_96qe3rzs@example.com,analyst,True,2025-05-11,2025-08-02
user_j49itn7s,org_i3qk2iag,user_j49itn7s@example.com,ml_engineer,True,2025-05-11,
user_55j2o7s3,org_phr62gds,user_55j2o7s3@example.com,devops,True,2025-06-09,2025-05-24
